realtime_start,realtime_end,date,value
2019-12-23,2019-12-23,2000-06-28,211.4984
2019-12-23,2019-12-23,2000-07-05,212.0107
2019-12-23,2019-12-23,2000-07-12,210.8742
2019-12-23,2019-12-23,2000-07-19,212.5366
2019-12-23,2019-12-23,2000-07-26,211.0495
2019-12-23,2019-12-23,2000-08-02,212.7418
2019-12-23,2019-12-23,2000-08-09,214.5621
2019-12-23,2019-12-23,2000-08-16,218.6374
2019-12-23,2019-12-23,2000-08-23,220.1564
2019-12-23,2019-12-23,2000-08-30,217.4738
2019-12-23,2019-12-23,2000-09-06,218.4828
2019-12-23,2019-12-23,2000-09-13,217.5079
2019-12-23,2019-12-23,2000-09-20,224.2341
2019-12-23,2019-12-23,2000-09-27,222.4431
2019-12-23,2019-12-23,2000-10-04,219.3438
2019-12-23,2019-12-23,2000-10-11,219.0676
2019-12-23,2019-12-23,2000-10-18,221.7205
2019-12-23,2019-12-23,2000-10-25,221.2386
2019-12-23,2019-12-23,2000-11-01,220.7117
2019-12-23,2019-12-23,2000-11-08,219.0447
2019-12-23,2019-12-23,2000-11-15,221.3077
2019-12-23,2019-12-23,2000-11-22,224.2964
2019-12-23,2019-12-23,2000-11-29,226.2768
2019-12-23,2019-12-23,2000-12-06,224.6499
2019-12-23,2019-12-23,2000-12-13,224.8454
2019-12-23,2019-12-23,2000-12-20,230.6606
2019-12-23,2019-12-23,2000-12-27,232.6109
2019-12-23,2019-12-23,2001-01-03,231.5906
2019-12-23,2019-12-23,2001-01-10,230.2708
2019-12-23,2019-12-23,2001-01-17,232.0234
2019-12-23,2019-12-23,2001-01-24,232.3305
2019-12-23,2019-12-23,2001-01-31,230.3215
2019-12-23,2019-12-23,2001-02-07,227.759
2019-12-23,2019-12-23,2001-02-14,230.6413
2019-12-23,2019-12-23,2001-02-21,231.4555
2019-12-23,2019-12-23,2001-02-28,228.2844
2019-12-23,2019-12-23,2001-03-07,226.8123
2019-12-23,2019-12-23,2001-03-14,226.6983
2019-12-23,2019-12-23,2001-03-21,227.3304
2019-12-23,2019-12-23,2001-03-28,229.6106
2019-12-23,2019-12-23,2001-04-04,230.3498
2019-12-23,2019-12-23,2001-04-11,230.8193
2019-12-23,2019-12-23,2001-04-18,233.5485
2019-12-23,2019-12-23,2001-04-25,234.1945
2019-12-23,2019-12-23,2001-05-02,235.0577
2019-12-23,2019-12-23,2001-05-09,233.1286
2019-12-23,2019-12-23,2001-05-16,236.5455
2019-12-23,2019-12-23,2001-05-23,237.3477
2019-12-23,2019-12-23,2001-05-30,235.5831
2019-12-23,2019-12-23,2001-06-06,233.7592
2019-12-23,2019-12-23,2001-06-13,232.242
2019-12-23,2019-12-23,2001-06-20,233.184
2019-12-23,2019-12-23,2001-06-27,235.3796
2019-12-23,2019-12-23,2001-07-04,230.8782
2019-12-23,2019-12-23,2001-07-11,230.7183
2019-12-23,2019-12-23,2001-07-18,232.9165
2019-12-23,2019-12-23,2001-07-25,234.6565
2019-12-23,2019-12-23,2001-08-01,233.0416
2019-12-23,2019-12-23,2001-08-08,231.5584
2019-12-23,2019-12-23,2001-08-15,233.589
2019-12-23,2019-12-23,2001-08-22,235.7525
2019-12-23,2019-12-23,2001-08-29,232.4178
2019-12-23,2019-12-23,2001-09-05,231.8454
2019-12-23,2019-12-23,2001-09-12,230.1
2019-12-23,2019-12-23,2001-09-19,233.954
2019-12-23,2019-12-23,2001-09-26,229.7377
2019-12-23,2019-12-23,2001-10-03,228.4076
2019-12-23,2019-12-23,2001-10-10,228.3305
2019-12-23,2019-12-23,2001-10-17,235.2021
2019-12-23,2019-12-23,2001-10-24,236.0999
2019-12-23,2019-12-23,2001-10-31,236.1545
2019-12-23,2019-12-23,2001-11-07,237.7666
2019-12-23,2019-12-23,2001-11-14,235.2589
2019-12-23,2019-12-23,2001-11-21,241.092
2019-12-23,2019-12-23,2001-11-28,243.6554
2019-12-23,2019-12-23,2001-12-05,240.6007
2019-12-23,2019-12-23,2001-12-12,241.6878
2019-12-23,2019-12-23,2001-12-19,243.1151
2019-12-23,2019-12-23,2001-12-26,245.8268
2019-12-23,2019-12-23,2002-01-02,240.7021
2019-12-23,2019-12-23,2002-01-09,242.3817
2019-12-23,2019-12-23,2002-01-16,241.8729
2019-12-23,2019-12-23,2002-01-23,242.1209
2019-12-23,2019-12-23,2002-01-30,240.6531
2019-12-23,2019-12-23,2002-02-06,242.8253
2019-12-23,2019-12-23,2002-02-13,237.3238
2019-12-23,2019-12-23,2002-02-20,241.2217
2019-12-23,2019-12-23,2002-02-27,241.8829
2019-12-23,2019-12-23,2002-03-06,240.2373
2019-12-23,2019-12-23,2002-03-13,236.4023
2019-12-23,2019-12-23,2002-03-20,240.8908
2019-12-23,2019-12-23,2002-03-27,242.1681
2019-12-23,2019-12-23,2002-04-03,242.161
2019-12-23,2019-12-23,2002-04-10,242.5779
2019-12-23,2019-12-23,2002-04-17,249.43
2019-12-23,2019-12-23,2002-04-24,249.8924
2019-12-23,2019-12-23,2002-05-01,245.9043
2019-12-23,2019-12-23,2002-05-08,245.3938
2019-12-23,2019-12-23,2002-05-15,246.043
2019-12-23,2019-12-23,2002-05-22,243.0156
2019-12-23,2019-12-23,2002-05-29,245.8328
2019-12-23,2019-12-23,2002-06-05,240.3378
2019-12-23,2019-12-23,2002-06-12,241.2439
2019-12-23,2019-12-23,2002-06-19,248.0971
2019-12-23,2019-12-23,2002-06-26,246.1725
2019-12-23,2019-12-23,2002-07-03,237.2595
2019-12-23,2019-12-23,2002-07-10,236.5022
2019-12-23,2019-12-23,2002-07-17,240.6725
2019-12-23,2019-12-23,2002-07-24,242.2519
2019-12-23,2019-12-23,2002-07-31,243.6705
2019-12-23,2019-12-23,2002-08-07,244.3319
2019-12-23,2019-12-23,2002-08-14,246.7915
2019-12-23,2019-12-23,2002-08-21,251.2379
2019-12-23,2019-12-23,2002-08-28,252.7956
2019-12-23,2019-12-23,2002-09-04,252.7243
2019-12-23,2019-12-23,2002-09-11,251.7789
2019-12-23,2019-12-23,2002-09-18,255.4341
2019-12-23,2019-12-23,2002-09-25,254.3094
2019-12-23,2019-12-23,2002-10-02,252.733
2019-12-23,2019-12-23,2002-10-09,252.0617
2019-12-23,2019-12-23,2002-10-16,257.6226
2019-12-23,2019-12-23,2002-10-23,257.3836
2019-12-23,2019-12-23,2002-10-30,256.4178
2019-12-23,2019-12-23,2002-11-06,252.7215
2019-12-23,2019-12-23,2002-11-13,250.2596
2019-12-23,2019-12-23,2002-11-20,252.1108
2019-12-23,2019-12-23,2002-11-27,254.2774
2019-12-23,2019-12-23,2002-12-04,253.4062
2019-12-23,2019-12-23,2002-12-11,255.808
2019-12-23,2019-12-23,2002-12-18,258.749
2019-12-23,2019-12-23,2002-12-25,257.142
2019-12-23,2019-12-23,2003-01-01,252.9188
2019-12-23,2019-12-23,2003-01-08,253.1773
2019-12-23,2019-12-23,2003-01-15,252.4444
2019-12-23,2019-12-23,2003-01-22,252.7502
2019-12-23,2019-12-23,2003-01-29,250.3384
2019-12-23,2019-12-23,2003-02-05,244.8068
2019-12-23,2019-12-23,2003-02-12,244.8496
2019-12-23,2019-12-23,2003-02-19,249.6097
2019-12-23,2019-12-23,2003-02-26,249.74
2019-12-23,2019-12-23,2003-03-05,246.4083
2019-12-23,2019-12-23,2003-03-12,241.4636
2019-12-23,2019-12-23,2003-03-19,246.0691
2019-12-23,2019-12-23,2003-03-26,243.053
2019-12-23,2019-12-23,2003-04-02,241.8487
2019-12-23,2019-12-23,2003-04-09,240.3792
2019-12-23,2019-12-23,2003-04-16,240.0729
2019-12-23,2019-12-23,2003-04-23,240.523
2019-12-23,2019-12-23,2003-04-30,240.4942
2019-12-23,2019-12-23,2003-05-07,245.716
2019-12-23,2019-12-23,2003-05-14,247.4931
2019-12-23,2019-12-23,2003-05-21,248.4553
2019-12-23,2019-12-23,2003-05-28,252.1775
2019-12-23,2019-12-23,2003-06-04,244.1851
2019-12-23,2019-12-23,2003-06-11,244.2501
2019-12-23,2019-12-23,2003-06-18,247.7482
2019-12-23,2019-12-23,2003-06-25,244.2561
2019-12-23,2019-12-23,2003-07-02,244.5702
2019-12-23,2019-12-23,2003-07-09,243.0504
2019-12-23,2019-12-23,2003-07-16,245.809
2019-12-23,2019-12-23,2003-07-23,246.6308
2019-12-23,2019-12-23,2003-07-30,249.0892
2019-12-23,2019-12-23,2003-08-06,243.9029
2019-12-23,2019-12-23,2003-08-13,244.0894
2019-12-23,2019-12-23,2003-08-20,247.1192
2019-12-23,2019-12-23,2003-08-27,245.4574
2019-12-23,2019-12-23,2003-09-03,243.1582
2019-12-23,2019-12-23,2003-09-10,242.1756
2019-12-23,2019-12-23,2003-09-17,244.3691
2019-12-23,2019-12-23,2003-09-24,242.8787
2019-12-23,2019-12-23,2003-10-01,238.9815
2019-12-23,2019-12-23,2003-10-08,238.1996
2019-12-23,2019-12-23,2003-10-15,240.7465
2019-12-23,2019-12-23,2003-10-22,239.6095
2019-12-23,2019-12-23,2003-10-29,240.0733
2019-12-23,2019-12-23,2003-11-05,268.051
2019-12-23,2019-12-23,2003-11-12,269.1656
2019-12-23,2019-12-23,2003-11-19,274.2851
2019-12-23,2019-12-23,2003-11-26,273.484
2019-12-23,2019-12-23,2003-12-03,271.7663
2019-12-23,2019-12-23,2003-12-10,273.2918
2019-12-23,2019-12-23,2003-12-17,285.6945
2019-12-23,2019-12-23,2003-12-24,288.7025
2019-12-23,2019-12-23,2003-12-31,284.9999
2019-12-23,2019-12-23,2004-01-07,284.9032
2019-12-23,2019-12-23,2004-01-14,283.7691
2019-12-23,2019-12-23,2004-01-21,285.1889
2019-12-23,2019-12-23,2004-01-28,284.2615
2019-12-23,2019-12-23,2004-02-04,280.0042
2019-12-23,2019-12-23,2004-02-11,279.0915
2019-12-23,2019-12-23,2004-02-18,286.1407
2019-12-23,2019-12-23,2004-02-25,284.4576
2019-12-23,2019-12-23,2004-03-03,278.8079
2019-12-23,2019-12-23,2004-03-10,277.5213
2019-12-23,2019-12-23,2004-03-17,279.5891
2019-12-23,2019-12-23,2004-03-24,282.3065
2019-12-23,2019-12-23,2004-03-31,279.787
2019-12-23,2019-12-23,2004-04-07,280.6418
2019-12-23,2019-12-23,2004-04-14,281.7522
2019-12-23,2019-12-23,2004-04-21,281.4758
2019-12-23,2019-12-23,2004-04-28,282.8104
2019-12-23,2019-12-23,2004-05-05,281.1405
2019-12-23,2019-12-23,2004-05-12,280.2458
2019-12-23,2019-12-23,2004-05-19,287.1295
2019-12-23,2019-12-23,2004-05-26,287.2437
2019-12-23,2019-12-23,2004-06-02,286.5375
2019-12-23,2019-12-23,2004-06-09,286.682
2019-12-23,2019-12-23,2004-06-16,287.6746
2019-12-23,2019-12-23,2004-06-23,289.5526
2019-12-23,2019-12-23,2004-06-30,285.1753
2019-12-23,2019-12-23,2004-07-07,285.8647
2019-12-23,2019-12-23,2004-07-14,286.6489
2019-12-23,2019-12-23,2004-07-21,289.0609
2019-12-23,2019-12-23,2004-07-28,289.0708
2019-12-23,2019-12-23,2004-08-04,287.3809
2019-12-23,2019-12-23,2004-08-11,286.1525
2019-12-23,2019-12-23,2004-08-18,291.13
2019-12-23,2019-12-23,2004-08-25,293.0944
2019-12-23,2019-12-23,2004-09-01,290.8598
2019-12-23,2019-12-23,2004-09-08,290.4341
2019-12-23,2019-12-23,2004-09-15,293.9414
2019-12-23,2019-12-23,2004-09-22,295.1131
2019-12-23,2019-12-23,2004-09-29,291.5105
2019-12-23,2019-12-23,2004-10-06,290.8921
2019-12-23,2019-12-23,2004-10-13,288.3961
2019-12-23,2019-12-23,2004-10-20,292.6528
2019-12-23,2019-12-23,2004-10-27,291.675
2019-12-23,2019-12-23,2004-11-03,291.2816
2019-12-23,2019-12-23,2004-11-10,286.5249
2019-12-23,2019-12-23,2004-11-17,287.1031
2019-12-23,2019-12-23,2004-11-24,288.047
2019-12-23,2019-12-23,2004-12-01,287.698
2019-12-23,2019-12-23,2004-12-08,289.208
2019-12-23,2019-12-23,2004-12-15,292.7075
2019-12-23,2019-12-23,2004-12-22,298.845
2019-12-23,2019-12-23,2004-12-29,309.2526
2019-12-23,2019-12-23,2005-01-05,309.8038
2019-12-23,2019-12-23,2005-01-12,306.9578
2019-12-23,2019-12-23,2005-01-19,304.6441
2019-12-23,2019-12-23,2005-01-26,303.5613
2019-12-23,2019-12-23,2005-02-02,298.6882
2019-12-23,2019-12-23,2005-02-09,294.8855
2019-12-23,2019-12-23,2005-02-16,301.999
2019-12-23,2019-12-23,2005-02-23,301.8578
2019-12-23,2019-12-23,2005-03-02,301.8778
2019-12-23,2019-12-23,2005-03-09,298.7474
2019-12-23,2019-12-23,2005-03-16,300.4203
2019-12-23,2019-12-23,2005-03-23,299.7638
2019-12-23,2019-12-23,2005-03-30,300.9294
2019-12-23,2019-12-23,2005-04-06,300.601
2019-12-23,2019-12-23,2005-04-13,298.9186
2019-12-23,2019-12-23,2005-04-20,303.6327
2019-12-23,2019-12-23,2005-04-27,304.1406
2019-12-23,2019-12-23,2005-05-04,299.4658
2019-12-23,2019-12-23,2005-05-11,296.7521
2019-12-23,2019-12-23,2005-05-18,300.1739
2019-12-23,2019-12-23,2005-05-25,299.0567
2019-12-23,2019-12-23,2005-06-01,297.7963
2019-12-23,2019-12-23,2005-06-08,298.4445
2019-12-23,2019-12-23,2005-06-15,301.7994
2019-12-23,2019-12-23,2005-06-22,304.0604
2019-12-23,2019-12-23,2005-06-29,301.5013
2019-12-23,2019-12-23,2005-07-06,300.0395
2019-12-23,2019-12-23,2005-07-13,299.9314
2019-12-23,2019-12-23,2005-07-20,303.5946
2019-12-23,2019-12-23,2005-07-27,304.1298
2019-12-23,2019-12-23,2005-08-03,301.4617
2019-12-23,2019-12-23,2005-08-10,300.7673
2019-12-23,2019-12-23,2005-08-17,302.2767
2019-12-23,2019-12-23,2005-08-24,302.3245
2019-12-23,2019-12-23,2005-08-31,299.699
2019-12-23,2019-12-23,2005-09-07,299.868
2019-12-23,2019-12-23,2005-09-14,304.1306
2019-12-23,2019-12-23,2005-09-21,305.1222
2019-12-23,2019-12-23,2005-09-28,304.6842
2019-12-23,2019-12-23,2005-10-05,294.2756
2019-12-23,2019-12-23,2005-10-12,293.3099
2019-12-23,2019-12-23,2005-10-19,295.4448
2019-12-23,2019-12-23,2005-10-26,297.8618
2019-12-23,2019-12-23,2005-11-02,299.6322
2019-12-23,2019-12-23,2005-11-09,297.4328
2019-12-23,2019-12-23,2005-11-16,301.5517
2019-12-23,2019-12-23,2005-11-23,302.286
2019-12-23,2019-12-23,2005-11-30,299.8473
2019-12-23,2019-12-23,2005-12-07,299.4228
2019-12-23,2019-12-23,2005-12-14,305.9521
2019-12-23,2019-12-23,2005-12-21,305.6113
2019-12-23,2019-12-23,2005-12-28,306.4953
2019-12-23,2019-12-23,2006-01-04,304.2631
2019-12-23,2019-12-23,2006-01-11,302.0806
2019-12-23,2019-12-23,2006-01-18,305.473
2019-12-23,2019-12-23,2006-01-25,304.7451
2019-12-23,2019-12-23,2006-02-01,298.4848
2019-12-23,2019-12-23,2006-02-08,297.1251
2019-12-23,2019-12-23,2006-02-15,298.822
2019-12-23,2019-12-23,2006-02-22,297.3046
2019-12-23,2019-12-23,2006-03-01,293.9839
2019-12-23,2019-12-23,2006-03-08,291.7365
2019-12-23,2019-12-23,2006-03-15,291.285
2019-12-23,2019-12-23,2006-03-22,293.7011
2019-12-23,2019-12-23,2006-03-29,293.4192
2019-12-23,2019-12-23,2006-04-05,290.4944
2019-12-23,2019-12-23,2006-04-12,293.7656
2019-12-23,2019-12-23,2006-04-19,296.1431
2019-12-23,2019-12-23,2006-04-26,298.3039
2019-12-23,2019-12-23,2006-05-03,296.8492
2019-12-23,2019-12-23,2006-05-10,297.5609
2019-12-23,2019-12-23,2006-05-17,303.1199
2019-12-23,2019-12-23,2006-05-24,303.8517
2019-12-23,2019-12-23,2006-05-31,301.3104
2019-12-23,2019-12-23,2006-06-07,297.9993
2019-12-23,2019-12-23,2006-06-14,301.4235
2019-12-23,2019-12-23,2006-06-21,296.0589
2019-12-23,2019-12-23,2006-06-28,296.324
2019-12-23,2019-12-23,2006-07-05,297.0874
2019-12-23,2019-12-23,2006-07-12,295.345
2019-12-23,2019-12-23,2006-07-19,302.2574
2019-12-23,2019-12-23,2006-07-26,301.6934
2019-12-23,2019-12-23,2006-08-02,299.4262
2019-12-23,2019-12-23,2006-08-09,300.066
2019-12-23,2019-12-23,2006-08-16,303.5728
2019-12-23,2019-12-23,2006-08-23,306.0491
2019-12-23,2019-12-23,2006-08-30,303.5455
2019-12-23,2019-12-23,2006-09-06,303.901
2019-12-23,2019-12-23,2006-09-13,302.6709
2019-12-23,2019-12-23,2006-09-20,304.0174
2019-12-23,2019-12-23,2006-09-27,302.716
2019-12-23,2019-12-23,2006-10-04,300.4788
2019-12-23,2019-12-23,2006-10-11,300.6515
2019-12-23,2019-12-23,2006-10-18,300.5073
2019-12-23,2019-12-23,2006-10-25,299.9104
2019-12-23,2019-12-23,2006-11-01,300.3246
2019-12-23,2019-12-23,2006-11-08,300.5248
2019-12-23,2019-12-23,2006-11-15,302.5616
2019-12-23,2019-12-23,2006-11-22,304.5389
2019-12-23,2019-12-23,2006-11-29,306.1588
2019-12-23,2019-12-23,2006-12-06,309.0695
2019-12-23,2019-12-23,2006-12-13,313.0716
2019-12-23,2019-12-23,2006-12-20,314.5801
2019-12-23,2019-12-23,2006-12-27,316.7764
2019-12-23,2019-12-23,2007-01-03,316.0284
2019-12-23,2019-12-23,2007-01-10,315.7928
2019-12-23,2019-12-23,2007-01-17,317.5431
2019-12-23,2019-12-23,2007-01-24,318.4012
2019-12-23,2019-12-23,2007-01-31,312.6667
2019-12-23,2019-12-23,2007-02-07,312.0217
2019-12-23,2019-12-23,2007-02-14,315.8571
2019-12-23,2019-12-23,2007-02-21,312.4658
2019-12-23,2019-12-23,2007-02-28,303.5393
2019-12-23,2019-12-23,2007-03-07,303.4996
2019-12-23,2019-12-23,2007-03-14,302.1864
2019-12-23,2019-12-23,2007-03-21,303.8202
2019-12-23,2019-12-23,2007-03-28,302.4341
2019-12-23,2019-12-23,2007-04-04,304.8292
2019-12-23,2019-12-23,2007-04-11,305.9897
2019-12-23,2019-12-23,2007-04-18,309.1405
2019-12-23,2019-12-23,2007-04-25,310.1908
2019-12-23,2019-12-23,2007-05-02,308.838
2019-12-23,2019-12-23,2007-05-09,308.2339
2019-12-23,2019-12-23,2007-05-16,310.29
2019-12-23,2019-12-23,2007-05-23,310.195
2019-12-23,2019-12-23,2007-05-30,312.7654
2019-12-23,2019-12-23,2007-06-06,311.7689
2019-12-23,2019-12-23,2007-06-13,313.8356
2019-12-23,2019-12-23,2007-06-20,317.4798
2019-12-23,2019-12-23,2007-06-27,316.0221
2019-12-23,2019-12-23,2007-07-04,315.7639
2019-12-23,2019-12-23,2007-07-11,316.0984
2019-12-23,2019-12-23,2007-07-18,317.5036
2019-12-23,2019-12-23,2007-07-25,316.8658
2019-12-23,2019-12-23,2007-08-01,312.8935
2019-12-23,2019-12-23,2007-08-08,314.3077
2019-12-23,2019-12-23,2007-08-15,316.7837
2019-12-23,2019-12-23,2007-08-22,317.4036
2019-12-23,2019-12-23,2007-08-29,319.6699
2019-12-23,2019-12-23,2007-09-05,319.7499
2019-12-23,2019-12-23,2007-09-12,318.0374
2019-12-23,2019-12-23,2007-09-19,325.0855
2019-12-23,2019-12-23,2007-09-26,324.0003
2019-12-23,2019-12-23,2007-10-03,319.443
2019-12-23,2019-12-23,2007-10-10,320.959
2019-12-23,2019-12-23,2007-10-17,320.5551
2019-12-23,2019-12-23,2007-10-24,321.9693
2019-12-23,2019-12-23,2007-10-31,319.8096
2019-12-23,2019-12-23,2007-11-07,323.3324
2019-12-23,2019-12-23,2007-11-14,328.6203
2019-12-23,2019-12-23,2007-11-21,331.7455
2019-12-23,2019-12-23,2007-11-28,334.5888
2019-12-23,2019-12-23,2007-12-05,334.3191
2019-12-23,2019-12-23,2007-12-12,338.68
2019-12-23,2019-12-23,2007-12-19,346.7905
2019-12-23,2019-12-23,2007-12-26,345.6937
2019-12-23,2019-12-23,2008-01-02,342.5251
2019-12-23,2019-12-23,2008-01-09,339.7825
2019-12-23,2019-12-23,2008-01-16,340.1992
2019-12-23,2019-12-23,2008-01-23,340.7423
2019-12-23,2019-12-23,2008-01-30,335.1145
2019-12-23,2019-12-23,2008-02-06,332.9047
2019-12-23,2019-12-23,2008-02-13,330.9185
2019-12-23,2019-12-23,2008-02-20,333.5571
2019-12-23,2019-12-23,2008-02-27,331.9257
2019-12-23,2019-12-23,2008-03-05,330.8154
2019-12-23,2019-12-23,2008-03-12,331.5783
2019-12-23,2019-12-23,2008-03-19,328.8307
2019-12-23,2019-12-23,2008-03-26,326.8824
2019-12-23,2019-12-23,2008-04-02,323.0776
2019-12-23,2019-12-23,2008-04-09,324.4916
2019-12-23,2019-12-23,2008-04-16,333.2359
2019-12-23,2019-12-23,2008-04-23,331.2047
2019-12-23,2019-12-23,2008-04-30,330.9233
2019-12-23,2019-12-23,2008-05-07,330.9378
2019-12-23,2019-12-23,2008-05-14,331.0731
2019-12-23,2019-12-23,2008-05-21,328.9789
2019-12-23,2019-12-23,2008-05-28,330.0106
2019-12-23,2019-12-23,2008-06-04,327.8792
2019-12-23,2019-12-23,2008-06-11,327.777
2019-12-23,2019-12-23,2008-06-18,332.6354
2019-12-23,2019-12-23,2008-06-25,332.1688
2019-12-23,2019-12-23,2008-07-02,328.9086
2019-12-23,2019-12-23,2008-07-09,329.2376
2019-12-23,2019-12-23,2008-07-16,335.5519
2019-12-23,2019-12-23,2008-07-23,336.4024
2019-12-23,2019-12-23,2008-07-30,337.8898
2019-12-23,2019-12-23,2008-08-06,337.265
2019-12-23,2019-12-23,2008-08-13,337.2957
2019-12-23,2019-12-23,2008-08-20,343.0033
2019-12-23,2019-12-23,2008-08-27,343.8232
2019-12-23,2019-12-23,2008-09-03,342.3659
2019-12-23,2019-12-23,2008-09-10,342.0704
2019-12-23,2019-12-23,2008-09-17,346.6905
2019-12-23,2019-12-23,2008-09-24,348.4313
2019-12-23,2019-12-23,2008-10-01,365.7086
2019-12-23,2019-12-23,2008-10-08,366.3449
2019-12-23,2019-12-23,2008-10-15,374.3484
2019-12-23,2019-12-23,2008-10-22,374.7651
2019-12-23,2019-12-23,2008-10-29,378.1124
2019-12-23,2019-12-23,2008-11-05,378.0324
2019-12-23,2019-12-23,2008-11-12,380.3075
2019-12-23,2019-12-23,2008-11-19,385.0775
2019-12-23,2019-12-23,2008-11-26,383.0742
2019-12-23,2019-12-23,2008-12-03,382.7931
2019-12-23,2019-12-23,2008-12-10,382.2004
2019-12-23,2019-12-23,2008-12-17,386.9849
2019-12-23,2019-12-23,2008-12-24,386.3784
2019-12-23,2019-12-23,2008-12-31,383.8606
2019-12-23,2019-12-23,2009-01-07,386.2094
2019-12-23,2019-12-23,2009-01-14,396.4576
2019-12-23,2019-12-23,2009-01-21,400.0375
2019-12-23,2019-12-23,2009-01-28,393.9663
2019-12-23,2019-12-23,2009-02-04,393.9689
2019-12-23,2019-12-23,2009-02-11,393.8222
2019-12-23,2019-12-23,2009-02-18,399.4344
2019-12-23,2019-12-23,2009-02-25,398.0023
2019-12-23,2019-12-23,2009-03-04,392.1435
2019-12-23,2019-12-23,2009-03-11,393.2738
2019-12-23,2019-12-23,2009-03-18,385.531
2019-12-23,2019-12-23,2009-03-25,375.9435
2019-12-23,2019-12-23,2009-04-01,369.8621
2019-12-23,2019-12-23,2009-04-08,371.143
2019-12-23,2019-12-23,2009-04-15,375.8168
2019-12-23,2019-12-23,2009-04-22,372.7825
2019-12-23,2019-12-23,2009-04-29,374.0813
2019-12-23,2019-12-23,2009-05-06,365.4608
2019-12-23,2019-12-23,2009-05-13,357.4172
2019-12-23,2019-12-23,2009-05-20,366.6295
2019-12-23,2019-12-23,2009-05-27,368.9842
2019-12-23,2019-12-23,2009-06-03,362.6704
2019-12-23,2019-12-23,2009-06-10,358.1294
2019-12-23,2019-12-23,2009-06-17,357.4135
2019-12-23,2019-12-23,2009-06-24,357.513
2019-12-23,2019-12-23,2009-07-01,355.8685
2019-12-23,2019-12-23,2009-07-08,354.6264
2019-12-23,2019-12-23,2009-07-15,355.8119
2019-12-23,2019-12-23,2009-07-22,358.8145
2019-12-23,2019-12-23,2009-07-29,357.4623
2019-12-23,2019-12-23,2009-08-05,352.7477
2019-12-23,2019-12-23,2009-08-12,353.9483
2019-12-23,2019-12-23,2009-08-19,357.8751
2019-12-23,2019-12-23,2009-08-26,357.7582
2019-12-23,2019-12-23,2009-09-02,350.5161
2019-12-23,2019-12-23,2009-09-09,354.6716
2019-12-23,2019-12-23,2009-09-16,355.4572
2019-12-23,2019-12-23,2009-09-23,351.2771
2019-12-23,2019-12-23,2009-09-30,343.5019
2019-12-23,2019-12-23,2009-10-07,344.3943
2019-12-23,2019-12-23,2009-10-14,344.1868
2019-12-23,2019-12-23,2009-10-21,347.8548
2019-12-23,2019-12-23,2009-10-28,347.0754
2019-12-23,2019-12-23,2009-11-04,342.9505
2019-12-23,2019-12-23,2009-11-11,341.9792
2019-12-23,2019-12-23,2009-11-18,345.999
2019-12-23,2019-12-23,2009-11-25,346.1734
2019-12-23,2019-12-23,2009-12-02,340.3519
2019-12-23,2019-12-23,2009-12-09,339.2817
2019-12-23,2019-12-23,2009-12-16,338.6012
2019-12-23,2019-12-23,2009-12-23,333.8129
2019-12-23,2019-12-23,2009-12-30,332.7878
2019-12-23,2019-12-23,2010-01-06,326.659
2019-12-23,2019-12-23,2010-01-13,324.7358
2019-12-23,2019-12-23,2010-01-20,323.9735
2019-12-23,2019-12-23,2010-01-27,323.236
2019-12-23,2019-12-23,2010-02-03,319.1459
2019-12-23,2019-12-23,2010-02-10,318.8201
2019-12-23,2019-12-23,2010-02-17,320.22
2019-12-23,2019-12-23,2010-02-24,318.6858
2019-12-23,2019-12-23,2010-03-03,313.6795
2019-12-23,2019-12-23,2010-03-10,312.2357
2019-12-23,2019-12-23,2010-03-17,315.1638
2019-12-23,2019-12-23,2010-03-24,320.44
2019-12-23,2019-12-23,2010-03-31,649.67
2019-12-23,2019-12-23,2010-04-07,650.3646
2019-12-23,2019-12-23,2010-04-14,649.3904
2019-12-23,2019-12-23,2010-04-21,647.9142
2019-12-23,2019-12-23,2010-04-28,646.7659
2019-12-23,2019-12-23,2010-05-05,643.6464
2019-12-23,2019-12-23,2010-05-12,641.9103
2019-12-23,2019-12-23,2010-05-19,641.0973
2019-12-23,2019-12-23,2010-05-26,638.3899
2019-12-23,2019-12-23,2010-06-02,634.3699
2019-12-23,2019-12-23,2010-06-09,635.0155
2019-12-23,2019-12-23,2010-06-16,632.359
2019-12-23,2019-12-23,2010-06-23,631.9932
2019-12-23,2019-12-23,2010-06-30,627.8286
2019-12-23,2019-12-23,2010-07-07,627.4845
2019-12-23,2019-12-23,2010-07-14,627.5424
2019-12-23,2019-12-23,2010-07-21,626.5497
2019-12-23,2019-12-23,2010-07-28,625.3758
2019-12-23,2019-12-23,2010-08-04,624.0753
2019-12-23,2019-12-23,2010-08-11,623.1321
2019-12-23,2019-12-23,2010-08-18,621.9977
2019-12-23,2019-12-23,2010-08-25,621.0121
2019-12-23,2019-12-23,2010-09-01,618.9122
2019-12-23,2019-12-23,2010-09-08,618.2184
2019-12-23,2019-12-23,2010-09-15,617.7892
2019-12-23,2019-12-23,2010-09-22,615.3473
2019-12-23,2019-12-23,2010-09-29,616.4129
2019-12-23,2019-12-23,2010-10-06,612.4797
2019-12-23,2019-12-23,2010-10-13,612.4831
2019-12-23,2019-12-23,2010-10-20,612.0742
2019-12-23,2019-12-23,2010-10-27,609.9588
2019-12-23,2019-12-23,2010-11-03,608.8367
2019-12-23,2019-12-23,2010-11-10,608.5769
2019-12-23,2019-12-23,2010-11-17,608.3323
2019-12-23,2019-12-23,2010-11-24,607.9163
2019-12-23,2019-12-23,2010-12-01,605.8642
2019-12-23,2019-12-23,2010-12-08,608.4397
2019-12-23,2019-12-23,2010-12-15,608.2269
2019-12-23,2019-12-23,2010-12-22,607.7366
2019-12-23,2019-12-23,2010-12-29,606.8365
2019-12-23,2019-12-23,2011-01-05,605.9678
2019-12-23,2019-12-23,2011-01-12,603.7851
2019-12-23,2019-12-23,2011-01-19,604.9562
2019-12-23,2019-12-23,2011-01-26,603.5335
2019-12-23,2019-12-23,2011-02-02,603.2913
2019-12-23,2019-12-23,2011-02-09,602.5133
2019-12-23,2019-12-23,2011-02-16,601.754
2019-12-23,2019-12-23,2011-02-23,601.7745
2019-12-23,2019-12-23,2011-03-02,600.747
2019-12-23,2019-12-23,2011-03-09,600.1726
2019-12-23,2019-12-23,2011-03-16,600.2899
2019-12-23,2019-12-23,2011-03-23,599.3142
2019-12-23,2019-12-23,2011-03-30,600.0363
2019-12-23,2019-12-23,2011-04-06,598.3981
2019-12-23,2019-12-23,2011-04-13,597.6115
2019-12-23,2019-12-23,2011-04-20,598.7561
2019-12-23,2019-12-23,2011-04-27,597.6197
2019-12-23,2019-12-23,2011-05-04,596.5294
2019-12-23,2019-12-23,2011-05-11,595.9405
2019-12-23,2019-12-23,2011-05-18,595.9972
2019-12-23,2019-12-23,2011-05-25,595.1775
2019-12-23,2019-12-23,2011-06-01,598.755
2019-12-23,2019-12-23,2011-06-08,599.1736
2019-12-23,2019-12-23,2011-06-15,599.2951
2019-12-23,2019-12-23,2011-06-22,599.933
2019-12-23,2019-12-23,2011-06-29,601.1842
2019-12-23,2019-12-23,2011-07-06,601.0889
2019-12-23,2019-12-23,2011-07-13,600.2178
2019-12-23,2019-12-23,2011-07-20,600.5323
2019-12-23,2019-12-23,2011-07-27,600.4166
2019-12-23,2019-12-23,2011-08-03,600.2989
2019-12-23,2019-12-23,2011-08-10,600.1763
2019-12-23,2019-12-23,2011-08-17,600.028
2019-12-23,2019-12-23,2011-08-24,600.1803
2019-12-23,2019-12-23,2011-08-31,600.3381
2019-12-23,2019-12-23,2011-09-07,599.9917
2019-12-23,2019-12-23,2011-09-14,600.3242
2019-12-23,2019-12-23,2011-09-21,600.0506
2019-12-23,2019-12-23,2011-09-28,600.9897
2019-12-23,2019-12-23,2011-10-05,601.9359
2019-12-23,2019-12-23,2011-10-12,601.173
2019-12-23,2019-12-23,2011-10-19,601.2553
2019-12-23,2019-12-23,2011-10-26,601.0082
2019-12-23,2019-12-23,2011-11-02,600.4592
2019-12-23,2019-12-23,2011-11-09,601.0348
2019-12-23,2019-12-23,2011-11-16,601.4395
2019-12-23,2019-12-23,2011-11-23,601.6069
2019-12-23,2019-12-23,2011-11-30,602.3885
2019-12-23,2019-12-23,2011-12-07,601.4124
2019-12-23,2019-12-23,2011-12-14,601.8826
2019-12-23,2019-12-23,2011-12-21,601.606
2019-12-23,2019-12-23,2011-12-28,602.6271
2019-12-23,2019-12-23,2012-01-04,604.0104
2019-12-23,2019-12-23,2012-01-11,601.7501
2019-12-23,2019-12-23,2012-01-18,601.2358
2019-12-23,2019-12-23,2012-01-25,598.9953
2019-12-23,2019-12-23,2012-02-01,600.6952
2019-12-23,2019-12-23,2012-02-08,600.0453
2019-12-23,2019-12-23,2012-02-15,599.4395
2019-12-23,2019-12-23,2012-02-22,598.2299
2019-12-23,2019-12-23,2012-02-29,601.0272
2019-12-23,2019-12-23,2012-03-07,600.103
2019-12-23,2019-12-23,2012-03-14,600.1936
2019-12-23,2019-12-23,2012-03-21,599.0653
2019-12-23,2019-12-23,2012-03-28,599.951
2019-12-23,2019-12-23,2012-04-04,601.2895
2019-12-23,2019-12-23,2012-04-11,599.5892
2019-12-23,2019-12-23,2012-04-18,599.0962
2019-12-23,2019-12-23,2012-04-25,598.0528
2019-12-23,2019-12-23,2012-05-02,609.5825
2019-12-23,2019-12-23,2012-05-09,608.0182
2019-12-23,2019-12-23,2012-05-16,607.5616
2019-12-23,2019-12-23,2012-05-23,606.9474
2019-12-23,2019-12-23,2012-05-30,610.8734
2019-12-23,2019-12-23,2012-06-06,609.4931
2019-12-23,2019-12-23,2012-06-13,609.5963
2019-12-23,2019-12-23,2012-06-20,608.5874
2019-12-23,2019-12-23,2012-06-27,607.9166
2019-12-23,2019-12-23,2012-07-04,608.1456
2019-12-23,2019-12-23,2012-07-11,606.8752
2019-12-23,2019-12-23,2012-07-18,606.4962
2019-12-23,2019-12-23,2012-07-25,605.6469
2019-12-23,2019-12-23,2012-08-01,607.3487
2019-12-23,2019-12-23,2012-08-08,607.4354
2019-12-23,2019-12-23,2012-08-15,607.4733
2019-12-23,2019-12-23,2012-08-22,607.6462
2019-12-23,2019-12-23,2012-08-29,609.182
2019-12-23,2019-12-23,2012-09-05,608.7784
2019-12-23,2019-12-23,2012-09-12,607.3204
2019-12-23,2019-12-23,2012-09-19,607.3455
2019-12-23,2019-12-23,2012-09-26,606.9972
2019-12-23,2019-12-23,2012-10-03,608.1671
2019-12-23,2019-12-23,2012-10-10,607.8687
2019-12-23,2019-12-23,2012-10-17,607.0658
2019-12-23,2019-12-23,2012-10-24,606.8935
2019-12-23,2019-12-23,2012-10-31,609.3213
2019-12-23,2019-12-23,2012-11-07,608.9217
2019-12-23,2019-12-23,2012-11-14,609.2155
2019-12-23,2019-12-23,2012-11-21,607.9181
2019-12-23,2019-12-23,2012-11-28,609.0416
2019-12-23,2019-12-23,2012-12-05,606.4689
2019-12-23,2019-12-23,2012-12-12,606.3953
2019-12-23,2019-12-23,2012-12-19,606.811
2019-12-23,2019-12-23,2012-12-26,607.7177
2019-12-23,2019-12-23,2013-01-02,608.6488
2019-12-23,2019-12-23,2013-01-09,607.4696
2019-12-23,2019-12-23,2013-01-16,606.2638
2019-12-23,2019-12-23,2013-01-23,607.1436
2019-12-23,2019-12-23,2013-01-30,609.3474
2019-12-23,2019-12-23,2013-02-06,609.0726
2019-12-23,2019-12-23,2013-02-13,609.5245
2019-12-23,2019-12-23,2013-02-20,608.7028
2019-12-23,2019-12-23,2013-02-27,610.2709
2019-12-23,2019-12-23,2013-03-06,608.1794
2019-12-23,2019-12-23,2013-03-13,612.8264
2019-12-23,2019-12-23,2013-03-20,611.6864
2019-12-23,2019-12-23,2013-03-27,611.324
2019-12-23,2019-12-23,2013-04-03,611.7969
2019-12-23,2019-12-23,2013-04-10,611.7407
2019-12-23,2019-12-23,2013-04-17,612.2174
2019-12-23,2019-12-23,2013-04-24,611.7838
2019-12-23,2019-12-23,2013-05-01,612.019
2019-12-23,2019-12-23,2013-05-08,612.1009
2019-12-23,2019-12-23,2013-05-15,612.242
2019-12-23,2019-12-23,2013-05-22,612.9879
2019-12-23,2019-12-23,2013-05-29,614.5302
2019-12-23,2019-12-23,2013-06-05,614.4072
2019-12-23,2019-12-23,2013-06-12,615.1427
2019-12-23,2019-12-23,2013-06-19,615.0381
2019-12-23,2019-12-23,2013-06-26,615.2044
2019-12-23,2019-12-23,2013-07-03,612.9062
2019-12-23,2019-12-23,2013-07-10,612.8006
2019-12-23,2019-12-23,2013-07-17,611.7946
2019-12-23,2019-12-23,2013-07-24,610.5252
2019-12-23,2019-12-23,2013-07-31,610.9504
2019-12-23,2019-12-23,2013-08-07,611.0365
2019-12-23,2019-12-23,2013-08-14,611.6991
2019-12-23,2019-12-23,2013-08-21,611.6408
2019-12-23,2019-12-23,2013-08-28,611.9887
2019-12-23,2019-12-23,2013-09-04,612.6763
2019-12-23,2019-12-23,2013-09-11,612.0211
2019-12-23,2019-12-23,2013-09-18,611.9165
2019-12-23,2019-12-23,2013-09-25,611.8246
2019-12-23,2019-12-23,2013-10-02,613.0207
2019-12-23,2019-12-23,2013-10-09,612.758
2019-12-23,2019-12-23,2013-10-16,613.1782
2019-12-23,2019-12-23,2013-10-23,613.5433
2019-12-23,2019-12-23,2013-10-30,615.3442
2019-12-23,2019-12-23,2013-11-06,615.0739
2019-12-23,2019-12-23,2013-11-13,615.564
2019-12-23,2019-12-23,2013-11-20,599.219
2019-12-23,2019-12-23,2013-11-27,597.5874
2019-12-23,2019-12-23,2013-12-04,599.1318
2019-12-23,2019-12-23,2013-12-11,599.9715
2019-12-23,2019-12-23,2013-12-18,599.7673
2019-12-23,2019-12-23,2013-12-25,601.3363
2019-12-23,2019-12-23,2014-01-01,600.1923
2019-12-23,2019-12-23,2014-01-08,600.6968
2019-12-23,2019-12-23,2014-01-15,599.4036
2019-12-23,2019-12-23,2014-01-22,600.2891
2019-12-23,2019-12-23,2014-01-29,601.6945
2019-12-23,2019-12-23,2014-02-05,602.1634
2019-12-23,2019-12-23,2014-02-12,601.839
2019-12-23,2019-12-23,2014-02-19,603.5404
2019-12-23,2019-12-23,2014-02-26,603.948
2019-12-23,2019-12-23,2014-03-05,603.4799
2019-12-23,2019-12-23,2014-03-12,603.1323
2019-12-23,2019-12-23,2014-03-19,603.6925
2019-12-23,2019-12-23,2014-03-26,603.2757
2019-12-23,2019-12-23,2014-04-02,603.3858
2019-12-23,2019-12-23,2014-04-09,604.5572
2019-12-23,2019-12-23,2014-04-16,606.3356
2019-12-23,2019-12-23,2014-04-23,607.1002
2019-12-23,2019-12-23,2014-04-30,608.3139
2019-12-23,2019-12-23,2014-05-07,608.6002
2019-12-23,2019-12-23,2014-05-14,610.28
2019-12-23,2019-12-23,2014-05-21,609.9861
2019-12-23,2019-12-23,2014-05-28,609.7604
2019-12-23,2019-12-23,2014-06-04,610.2542
2019-12-23,2019-12-23,2014-06-11,611.5174
2019-12-23,2019-12-23,2014-06-18,611.1815
2019-12-23,2019-12-23,2014-06-25,610.8953
2019-12-23,2019-12-23,2014-07-02,611.3495
2019-12-23,2019-12-23,2014-07-09,612.2943
2019-12-23,2019-12-23,2014-07-16,612.7318
2019-12-23,2019-12-23,2014-07-23,612.9597
2019-12-23,2019-12-23,2014-07-30,614.5382
2019-12-23,2019-12-23,2014-08-06,613.7494
2019-12-23,2019-12-23,2014-08-13,614.6806
2019-12-23,2019-12-23,2014-08-20,615.2669
2019-12-23,2019-12-23,2014-08-27,615.9055
2019-12-23,2019-12-23,2014-09-03,618.0623
2019-12-23,2019-12-23,2014-09-10,617.2501
2019-12-23,2019-12-23,2014-09-17,617.6656
2019-12-23,2019-12-23,2014-09-24,617.6312
2019-12-23,2019-12-23,2014-10-01,618.7791
2019-12-23,2019-12-23,2014-10-08,617.7436
2019-12-23,2019-12-23,2014-10-15,617.8505
2019-12-23,2019-12-23,2014-10-22,618.9297
2019-12-23,2019-12-23,2014-10-29,619.2942
2019-12-23,2019-12-23,2014-11-05,620.176
2019-12-23,2019-12-23,2014-11-12,622.4823
2019-12-23,2019-12-23,2014-11-19,623.0181
2019-12-23,2019-12-23,2014-11-26,620.9167
2019-12-23,2019-12-23,2014-12-03,620.7407
2019-12-23,2019-12-23,2014-12-10,623.2265
2019-12-23,2019-12-23,2014-12-17,622.3993
2019-12-23,2019-12-23,2014-12-24,625.4478
2019-12-23,2019-12-23,2014-12-31,623.4235
2019-12-23,2019-12-23,2015-01-07,624.7441
2019-12-23,2019-12-23,2015-01-14,625.952
2019-12-23,2019-12-23,2015-01-21,625.9102
2019-12-23,2019-12-23,2015-01-28,626.0261
2019-12-23,2019-12-23,2015-02-04,625.9185
2019-12-23,2019-12-23,2015-02-11,627.6826
2019-12-23,2019-12-23,2015-02-18,627.6771
2019-12-23,2019-12-23,2015-02-25,625.5608
2019-12-23,2019-12-23,2015-03-04,626.2859
2019-12-23,2019-12-23,2015-03-11,626.1279
2019-12-23,2019-12-23,2015-03-18,626.1621
2019-12-23,2019-12-23,2015-03-25,627.17
2019-12-23,2019-12-23,2015-04-01,630.0286
2019-12-23,2019-12-23,2015-04-08,631.3575
2019-12-23,2019-12-23,2015-04-15,631.202
2019-12-23,2019-12-23,2015-04-22,632.1272
2019-12-23,2019-12-23,2015-04-29,633.6534
2019-12-23,2019-12-23,2015-05-06,634.0588
2019-12-23,2019-12-23,2015-05-13,635.0738
2019-12-23,2019-12-23,2015-05-20,634.9761
2019-12-23,2019-12-23,2015-05-27,635.2696
2019-12-23,2019-12-23,2015-06-03,634.8115
2019-12-23,2019-12-23,2015-06-10,636.7476
2019-12-23,2019-12-23,2015-06-17,636.2361
2019-12-23,2019-12-23,2015-06-24,638.843
2019-12-23,2019-12-23,2015-07-01,639.5314
2019-12-23,2019-12-23,2015-07-08,640.3097
2019-12-23,2019-12-23,2015-07-15,640.3866
2019-12-23,2019-12-23,2015-07-22,641.6981
2019-12-23,2019-12-23,2015-07-29,642.9763
2019-12-23,2019-12-23,2015-08-05,644.0259
2019-12-23,2019-12-23,2015-08-12,644.978
2019-12-23,2019-12-23,2015-08-19,645.7473
2019-12-23,2019-12-23,2015-08-26,645.7419
2019-12-23,2019-12-23,2015-09-02,646.7898
2019-12-23,2019-12-23,2015-09-09,649.4708
2019-12-23,2019-12-23,2015-09-16,648.9972
2019-12-23,2019-12-23,2015-09-23,649.1475
2019-12-23,2019-12-23,2015-09-30,651.3294
2019-12-23,2019-12-23,2015-10-07,652.2001
2019-12-23,2019-12-23,2015-10-14,653.4172
2019-12-23,2019-12-23,2015-10-21,653.7036
2019-12-23,2019-12-23,2015-10-28,653.0482
2019-12-23,2019-12-23,2015-11-04,654.2728
2019-12-23,2019-12-23,2015-11-11,654.7774
2019-12-23,2019-12-23,2015-11-18,655.8672
2019-12-23,2019-12-23,2015-11-25,656.218
2019-12-23,2019-12-23,2015-12-02,655.5275
2019-12-23,2019-12-23,2015-12-09,657.4015
2019-12-23,2019-12-23,2015-12-16,657.931
2019-12-23,2019-12-23,2015-12-23,659.0793
2019-12-23,2019-12-23,2015-12-30,660.0497
2019-12-23,2019-12-23,2016-01-06,663.7271
2019-12-23,2019-12-23,2016-01-13,663.5658
2019-12-23,2019-12-23,2016-01-20,665.1371
2019-12-23,2019-12-23,2016-01-27,663.9269
2019-12-23,2019-12-23,2016-02-03,664.2086
2019-12-23,2019-12-23,2016-02-10,664.7831
2019-12-23,2019-12-23,2016-02-17,664.9234
2019-12-23,2019-12-23,2016-02-24,664.0902
2019-12-23,2019-12-23,2016-03-02,665.7676
2019-12-23,2019-12-23,2016-03-09,669.6639
2019-12-23,2019-12-23,2016-03-16,669.8693
2019-12-23,2019-12-23,2016-03-23,671.7369
2019-12-23,2019-12-23,2016-03-30,673.9932
2019-12-23,2019-12-23,2016-04-06,673.839
2019-12-23,2019-12-23,2016-04-13,673.2684
2019-12-23,2019-12-23,2016-04-20,675.3867
2019-12-23,2019-12-23,2016-04-27,676.3816
2019-12-23,2019-12-23,2016-05-04,677.6073
2019-12-23,2019-12-23,2016-05-11,677.8886
2019-12-23,2019-12-23,2016-05-18,679.1299
2019-12-23,2019-12-23,2016-05-25,678.0486
2019-12-23,2019-12-23,2016-06-01,679.795
2019-12-23,2019-12-23,2016-06-08,681.7937
2019-12-23,2019-12-23,2016-06-15,682.7193
2019-12-23,2019-12-23,2016-06-22,692.814
2019-12-23,2019-12-23,2016-06-29,694.6662
2019-12-23,2019-12-23,2016-07-06,696.1663
2019-12-23,2019-12-23,2016-07-13,696.7166
2019-12-23,2019-12-23,2016-07-20,697.9571
2019-12-23,2019-12-23,2016-07-27,697.9623
2019-12-23,2019-12-23,2016-08-03,698.6551
2019-12-23,2019-12-23,2016-08-10,699.749
2019-12-23,2019-12-23,2016-08-17,700.2035
2019-12-23,2019-12-23,2016-08-24,700.9848
2019-12-23,2019-12-23,2016-08-31,701.0208
2019-12-23,2019-12-23,2016-09-07,702.1763
2019-12-23,2019-12-23,2016-09-14,702.6089
2019-12-23,2019-12-23,2016-09-21,703.2393
2019-12-23,2019-12-23,2016-09-28,704.1868
2019-12-23,2019-12-23,2016-10-05,705.5829
2019-12-23,2019-12-23,2016-10-12,705.626
2019-12-23,2019-12-23,2016-10-19,706.2728
2019-12-23,2019-12-23,2016-10-26,705.0311
2019-12-23,2019-12-23,2016-11-02,705.7703
2019-12-23,2019-12-23,2016-11-09,705.878
2019-12-23,2019-12-23,2016-11-16,705.4955
2019-12-23,2019-12-23,2016-11-23,706.7572
2019-12-23,2019-12-23,2016-11-30,710.5575
2019-12-23,2019-12-23,2016-12-07,710.652
2019-12-23,2019-12-23,2016-12-14,711.6808
2019-12-23,2019-12-23,2016-12-21,711.1275
2019-12-23,2019-12-23,2016-12-28,711.8821
2019-12-23,2019-12-23,2017-01-04,713.9123
2019-12-23,2019-12-23,2017-01-11,712.4552
2019-12-23,2019-12-23,2017-01-18,714.405
2019-12-23,2019-12-23,2017-01-25,713.0197
2019-12-23,2019-12-23,2017-02-01,714.3891
2019-12-23,2019-12-23,2017-02-08,715.3527
2019-12-23,2019-12-23,2017-02-15,714.6732
2019-12-23,2019-12-23,2017-02-22,716.1425
2019-12-23,2019-12-23,2017-03-01,716.8336
2019-12-23,2019-12-23,2017-03-08,716.7839
2019-12-23,2019-12-23,2017-03-15,716.368
2019-12-23,2019-12-23,2017-03-22,717.5907
2019-12-23,2019-12-23,2017-03-29,717.2124
2019-12-23,2019-12-23,2017-04-05,718.2863
2019-12-23,2019-12-23,2017-04-12,720.3372
2019-12-23,2019-12-23,2017-04-19,719.7154
2019-12-23,2019-12-23,2017-04-26,718.9021
2019-12-23,2019-12-23,2017-05-03,719.8998
2019-12-23,2019-12-23,2017-05-10,719.7616
2019-12-23,2019-12-23,2017-05-17,720.7285
2019-12-23,2019-12-23,2017-05-24,721.5831
2019-12-23,2019-12-23,2017-05-31,722.5007
2019-12-23,2019-12-23,2017-06-07,722.3974
2019-12-23,2019-12-23,2017-06-14,723.3123
2019-12-23,2019-12-23,2017-06-21,726.2431
2019-12-23,2019-12-23,2017-06-28,726.9289
2019-12-23,2019-12-23,2017-07-05,728.5267
2019-12-23,2019-12-23,2017-07-12,729.1174
2019-12-23,2019-12-23,2017-07-19,729.1926
2019-12-23,2019-12-23,2017-07-26,728.8999
2019-12-23,2019-12-23,2017-08-02,729.1206
2019-12-23,2019-12-23,2017-08-09,730.3559
2019-12-23,2019-12-23,2017-08-16,729.3894
2019-12-23,2019-12-23,2017-08-23,730.837
2019-12-23,2019-12-23,2017-08-30,731.7418
2019-12-23,2019-12-23,2017-09-06,732.8578
2019-12-23,2019-12-23,2017-09-13,736.3378
2019-12-23,2019-12-23,2017-09-20,737.5083
2019-12-23,2019-12-23,2017-09-27,737.8889
2019-12-23,2019-12-23,2017-10-04,739.0342
2019-12-23,2019-12-23,2017-10-11,739.0013
2019-12-23,2019-12-23,2017-10-18,754.1212
2019-12-23,2019-12-23,2017-10-25,753.5444
2019-12-23,2019-12-23,2017-11-01,755.4697
2019-12-23,2019-12-23,2017-11-08,758.0922
2019-12-23,2019-12-23,2017-11-15,758.0001
2019-12-23,2019-12-23,2017-11-22,759.4963
2019-12-23,2019-12-23,2017-11-29,762.8598
2019-12-23,2019-12-23,2017-12-06,762.4534
2019-12-23,2019-12-23,2017-12-13,762.6689
2019-12-23,2019-12-23,2017-12-20,763.2344
2019-12-23,2019-12-23,2017-12-27,763.8692
2019-12-23,2019-12-23,2018-01-03,766.2697
2019-12-23,2019-12-23,2018-01-10,767.1807
2019-12-23,2019-12-23,2018-01-17,768.2836
2019-12-23,2019-12-23,2018-01-24,766.7128
2019-12-23,2019-12-23,2018-01-31,768.3532
2019-12-23,2019-12-23,2018-02-07,768.1605
2019-12-23,2019-12-23,2018-02-14,768.7684
2019-12-23,2019-12-23,2018-02-21,768.3661
2019-12-23,2019-12-23,2018-02-28,768.9476
2019-12-23,2019-12-23,2018-03-07,770.8221
2019-12-23,2019-12-23,2018-03-14,769.4264
2019-12-23,2019-12-23,2018-03-21,770.1895
2019-12-23,2019-12-23,2018-03-28,770.7674
2019-12-23,2019-12-23,2018-04-04,786.4865
2019-12-23,2019-12-23,2018-04-11,786.3997
2019-12-23,2019-12-23,2018-04-18,786.4806
2019-12-23,2019-12-23,2018-04-25,786.8988
2019-12-23,2019-12-23,2018-05-02,787.1941
2019-12-23,2019-12-23,2018-05-09,788.0394
2019-12-23,2019-12-23,2018-05-16,788.9836
2019-12-23,2019-12-23,2018-05-23,789.3057
2019-12-23,2019-12-23,2018-05-30,792.151
2019-12-23,2019-12-23,2018-06-06,791.8568
2019-12-23,2019-12-23,2018-06-13,792.8206
2019-12-23,2019-12-23,2018-06-20,792.4081
2019-12-23,2019-12-23,2018-06-27,793.811
2019-12-23,2019-12-23,2018-07-04,793.7398
2019-12-23,2019-12-23,2018-07-11,792.6526
2019-12-23,2019-12-23,2018-07-18,793.6397
2019-12-23,2019-12-23,2018-07-25,794.3668
2019-12-23,2019-12-23,2018-08-01,793.5409
2019-12-23,2019-12-23,2018-08-08,795.5379
2019-12-23,2019-12-23,2018-08-15,794.9079
2019-12-23,2019-12-23,2018-08-22,796.1676
2019-12-23,2019-12-23,2018-08-29,797.4393
2019-12-23,2019-12-23,2018-09-05,798.5175
2019-12-23,2019-12-23,2018-09-12,798.1091
2019-12-23,2019-12-23,2018-09-19,798.9051
2019-12-23,2019-12-23,2018-09-26,799.6912
2019-12-23,2019-12-23,2018-10-03,801.1134
2019-12-23,2019-12-23,2018-10-10,801.7766
2019-12-23,2019-12-23,2018-10-17,801.3107
2019-12-23,2019-12-23,2018-10-24,802.3734
2019-12-23,2019-12-23,2018-10-31,804.2844
2019-12-23,2019-12-23,2018-11-07,802.1684
2019-12-23,2019-12-23,2018-11-14,803.5333
2019-12-23,2019-12-23,2018-11-21,805.1217
2019-12-23,2019-12-23,2018-11-28,808.7989
2019-12-23,2019-12-23,2018-12-05,806.7935
2019-12-23,2019-12-23,2018-12-12,807.4065
2019-12-23,2019-12-23,2018-12-19,804.9467
2019-12-23,2019-12-23,2018-12-26,806.7562
2019-12-23,2019-12-23,2019-01-02,805.1707
2019-12-23,2019-12-23,2019-01-09,807.0843
2019-12-23,2019-12-23,2019-01-16,805.4691
2019-12-23,2019-12-23,2019-01-23,808.3861
2019-12-23,2019-12-23,2019-01-30,811.1881
2019-12-23,2019-12-23,2019-02-06,811.0783
2019-12-23,2019-12-23,2019-02-13,811.4621
2019-12-23,2019-12-23,2019-02-20,812.5839
2019-12-23,2019-12-23,2019-02-27,814.9465
2019-12-23,2019-12-23,2019-03-06,814.8378
2019-12-23,2019-12-23,2019-03-13,815.3386
2019-12-23,2019-12-23,2019-03-20,816.1781
2019-12-23,2019-12-23,2019-03-27,816.6519
2019-12-23,2019-12-23,2019-04-03,816.894
2019-12-23,2019-12-23,2019-04-10,817.6666
2019-12-23,2019-12-23,2019-04-17,819.3225
2019-12-23,2019-12-23,2019-04-24,819.7276
2019-12-23,2019-12-23,2019-05-01,820.6928
2019-12-23,2019-12-23,2019-05-08,821.3938
2019-12-23,2019-12-23,2019-05-15,820.901
2019-12-23,2019-12-23,2019-05-22,821.2785
2019-12-23,2019-12-23,2019-05-29,823.3696
2019-12-23,2019-12-23,2019-06-05,823.5567
2019-12-23,2019-12-23,2019-06-12,824.7289
2019-12-23,2019-12-23,2019-06-19,823.3621
2019-12-23,2019-12-23,2019-06-26,824.0605
2019-12-23,2019-12-23,2019-07-03,822.8977
2019-12-23,2019-12-23,2019-07-10,825.3819
2019-12-23,2019-12-23,2019-07-17,824.7725
2019-12-23,2019-12-23,2019-07-24,826.4671
2019-12-23,2019-12-23,2019-07-31,828.9059
2019-12-23,2019-12-23,2019-08-07,828.3332
2019-12-23,2019-12-23,2019-08-14,828.3239
2019-12-23,2019-12-23,2019-08-21,828.585
2019-12-23,2019-12-23,2019-08-28,828.3035
2019-12-23,2019-12-23,2019-09-04,830.1544
2019-12-23,2019-12-23,2019-09-11,828.6049
2019-12-23,2019-12-23,2019-09-18,828.9999
2019-12-23,2019-12-23,2019-09-25,830.0795
2019-12-23,2019-12-23,2019-10-02,831.5119
2019-12-23,2019-12-23,2019-10-09,831.218
2019-12-23,2019-12-23,2019-10-16,839.6696
2019-12-23,2019-12-23,2019-10-23,839.6755
2019-12-23,2019-12-23,2019-10-30,841.2455
2019-12-23,2019-12-23,2019-11-06,839.4303
2019-12-23,2019-12-23,2019-11-13,839.4724
2019-12-23,2019-12-23,2019-11-20,837.8576
2019-12-23,2019-12-23,2019-11-27,835.0313
2019-12-23,2019-12-23,2019-12-04,839.2988
2019-12-23,2019-12-23,2019-12-11,842.1684
